{
  "metadata": {
    "testset_path": "evaluation-testset.json",
    "contexts_dir": "../../../../.out_of_context/contexts",
    "baseline_metrics": {
      "precision_at_5": 0.2545454545454545,
      "recall_at_5": 0.9454545454545454,
      "mrr": 0.6518181818181819,
      "ndcg_at_10": 0.74176923163691
    },
    "num_models_tested": 1
  },
  "models": [
    {
      "model_name": "sentence-transformers/all-mpnet-base-v2",
      "max_seq_length": 384,
      "status": "success",
      "quality_metrics": {
        "precision_at_5": 0.061818181818181835,
        "recall_at_5": 0.20909090909090908,
        "mrr": 0.20350649350649344,
        "ndcg_at_10": 0.18754447849111439
      },
      "improvement_vs_baseline": {
        "precision_at_5_pct": -75.71428571428571,
        "recall_at_5_pct": -77.88461538461539,
        "mrr_pct": -68.77864116357841,
        "ndcg_at_10_pct": -74.71660046113696
      },
      "latency_metrics": {
        "embedding": {
          "mean_ms": 100.29573440551758,
          "p95_ms": 130.77998161315918,
          "min_ms": 95.05915641784668,
          "max_ms": 130.77998161315918,
          "num_runs": 10
        },
        "query": {
          "mean_ms": 55.99097338589755,
          "p95_ms": 331.5495014190674,
          "min_ms": 9.891748428344727,
          "max_ms": 925.5280494689941
        }
      },
      "per_query_results": [
        {
          "query_id": "q001",
          "query": "How do I set up context management for my project?",
          "query_type": "how-to",
          "precision_at_5": 0.0,
          "recall_at_5": 0.0,
          "reciprocal_rank": 0.0,
          "ndcg_at_10": 0.0,
          "query_latency_ms": 925.5280494689941
        },
        {
          "query_id": "q002",
          "query": "What is the out-of-context MCP server?",
          "query_type": "factual",
          "precision_at_5": 0.2,
          "recall_at_5": 1.0,
          "reciprocal_rank": 1.0,
          "ndcg_at_10": 1.0,
          "query_latency_ms": 210.8602523803711
        },
        {
          "query_id": "q003",
          "query": "How do I create a new context?",
          "query_type": "how-to",
          "precision_at_5": 0.0,
          "recall_at_5": 0.0,
          "reciprocal_rank": 0.0,
          "ndcg_at_10": 0.0,
          "query_latency_ms": 338.81115913391113
        },
        {
          "query_id": "q004",
          "query": "What are the scientist and developer personas?",
          "query_type": "factual",
          "precision_at_5": 0.0,
          "recall_at_5": 0.0,
          "reciprocal_rank": 0.0,
          "ndcg_at_10": 0.0,
          "query_latency_ms": 198.24504852294922
        },
        {
          "query_id": "q005",
          "query": "What is semantic search and why do we need it?",
          "query_type": "factual",
          "precision_at_5": 0.2,
          "recall_at_5": 0.5,
          "reciprocal_rank": 1.0,
          "ndcg_at_10": 0.6131471927654584,
          "query_latency_ms": 10.523319244384766
        },
        {
          "query_id": "q006",
          "query": "How do I fetch contexts at the start of a session?",
          "query_type": "how-to",
          "precision_at_5": 0.0,
          "recall_at_5": 0.0,
          "reciprocal_rank": 0.125,
          "ndcg_at_10": 0.19342640361727081,
          "query_latency_ms": 11.059999465942383
        },
        {
          "query_id": "q007",
          "query": "What is the current status of the database enhancement?",
          "query_type": "how-to",
          "precision_at_5": 0.0,
          "recall_at_5": 0.0,
          "reciprocal_rank": 0.16666666666666666,
          "ndcg_at_10": 0.3562071871080222,
          "query_latency_ms": 190.83094596862793
        },
        {
          "query_id": "q008",
          "query": "When should I update the decision log?",
          "query_type": "how-to",
          "precision_at_5": 0.0,
          "recall_at_5": 0.0,
          "reciprocal_rank": 0.0,
          "ndcg_at_10": 0.0,
          "query_latency_ms": 10.96200942993164
        },
        {
          "query_id": "q009",
          "query": "What are the constraints for the semantic search implementation?",
          "query_type": "factual",
          "precision_at_5": 0.2,
          "recall_at_5": 0.5,
          "reciprocal_rank": 1.0,
          "ndcg_at_10": 0.6131471927654584,
          "query_latency_ms": 10.877132415771484
        },
        {
          "query_id": "q010",
          "query": "How many contexts should I fetch per session?",
          "query_type": "factual",
          "precision_at_5": 0.0,
          "recall_at_5": 0.0,
          "reciprocal_rank": 0.0,
          "ndcg_at_10": 0.0,
          "query_latency_ms": 10.65969467163086
        },
        {
          "query_id": "q011",
          "query": "What is the MVP scope for semantic search?",
          "query_type": "factual",
          "precision_at_5": 0.2,
          "recall_at_5": 0.5,
          "reciprocal_rank": 1.0,
          "ndcg_at_10": 0.6131471927654584,
          "query_latency_ms": 11.220932006835938
        },
        {
          "query_id": "q012",
          "query": "How do I handle stale contexts?",
          "query_type": "how-to",
          "precision_at_5": 0.0,
          "recall_at_5": 0.0,
          "reciprocal_rank": 0.0,
          "ndcg_at_10": 0.0,
          "query_latency_ms": 329.73408699035645
        },
        {
          "query_id": "q013",
          "query": "What are the scientist's action items?",
          "query_type": "factual",
          "precision_at_5": 0.2,
          "recall_at_5": 0.5,
          "reciprocal_rank": 0.5,
          "ndcg_at_10": 0.38685280723454163,
          "query_latency_ms": 10.399818420410156
        },
        {
          "query_id": "q014",
          "query": "What embedding model are we using?",
          "query_type": "how-to",
          "precision_at_5": 0.0,
          "recall_at_5": 0.0,
          "reciprocal_rank": 0.0,
          "ndcg_at_10": 0.0,
          "query_latency_ms": 10.286808013916016
        },
        {
          "query_id": "q015",
          "query": "How do I validate that contexts match reality?",
          "query_type": "how-to",
          "precision_at_5": 0.0,
          "recall_at_5": 0.0,
          "reciprocal_rank": 0.0,
          "ndcg_at_10": 0.0,
          "query_latency_ms": 9.894132614135742
        },
        {
          "query_id": "q016",
          "query": "What is the difference between storage and retrieval limits?",
          "query_type": "comparison",
          "precision_at_5": 0.0,
          "recall_at_5": 0.0,
          "reciprocal_rank": 0.0,
          "ndcg_at_10": 0.0,
          "query_latency_ms": 10.164976119995117
        },
        {
          "query_id": "q017",
          "query": "Why was BM25 moved to Phase 2?",
          "query_type": "factual",
          "precision_at_5": 0.0,
          "recall_at_5": 0.0,
          "reciprocal_rank": 0.0,
          "ndcg_at_10": 0.0,
          "query_latency_ms": 10.564088821411133
        },
        {
          "query_id": "q018",
          "query": "What are the acceptance criteria for the MVP?",
          "query_type": "how-to",
          "precision_at_5": 0.2,
          "recall_at_5": 0.5,
          "reciprocal_rank": 0.5,
          "ndcg_at_10": 0.38685280723454163,
          "query_latency_ms": 10.81395149230957
        },
        {
          "query_id": "q019",
          "query": "How do I create an evaluation test set?",
          "query_type": "how-to",
          "precision_at_5": 0.2,
          "recall_at_5": 1.0,
          "reciprocal_rank": 0.3333333333333333,
          "ndcg_at_10": 0.5,
          "query_latency_ms": 10.809898376464844
        },
        {
          "query_id": "q020",
          "query": "What transport does the MCP server use?",
          "query_type": "troubleshooting",
          "precision_at_5": 0.2,
          "recall_at_5": 0.5,
          "reciprocal_rank": 1.0,